<?xml version="1.0" encoding="UTF-8"?>
<export version="D">
  <design>
    <source>/mnt/nfs_client/Development/AmateurRadio/Design/TIA_AGC/TIA_AGC.sch</source>
    <date>Fri 24 Sep 2021 12:41:10 AM PDT</date>
    <tool>Eeschema 5.1.7-a382d34a8~88~ubuntu18.04.1</tool>
    <sheet number="1" name="/" tstamps="/">
      <title_block>
        <title>TIA IF Amp w/ Hybrid-Cascode AGC</title>
        <company/>
        <rev>A</rev>
        <date>2021-09-21</date>
        <source>TIA_AGC.sch</source>
        <comment number="1" value=""/>
        <comment number="2" value=""/>
        <comment number="3" value=""/>
        <comment number="4" value=""/>
      </title_block>
    </sheet>
  </design>
  <components>
    <comp ref="Q1">
      <value>2N3904</value>
      <footprint>Package_TO_SOT_SMD:SOT-23</footprint>
      <datasheet>https://www.fairchildsemi.com/datasheets/2N/2N3904.pdf</datasheet>
      <libsource lib="Transistor_BJT" part="2N3904" description="0.2A Ic, 40V Vce, Small Signal NPN Transistor, TO-92"/>
      <sheetpath names="/" tstamps="/"/>
      <tstamp>5FBA3604</tstamp>
    </comp>
    <comp ref="Q2">
      <value>2N3904</value>
      <footprint>Package_TO_SOT_SMD:SOT-23</footprint>
      <datasheet>https://www.fairchildsemi.com/datasheets/2N/2N3904.pdf</datasheet>
      <libsource lib="Transistor_BJT" part="2N3904" description="0.2A Ic, 40V Vce, Small Signal NPN Transistor, TO-92"/>
      <sheetpath names="/" tstamps="/"/>
      <tstamp>5FBA3CFC</tstamp>
    </comp>
    <comp ref="Q3">
      <value>2N3904</value>
      <footprint>Package_TO_SOT_SMD:SOT-23</footprint>
      <datasheet>https://www.fairchildsemi.com/datasheets/2N/2N3904.pdf</datasheet>
      <libsource lib="Transistor_BJT" part="2N3904" description="0.2A Ic, 40V Vce, Small Signal NPN Transistor, TO-92"/>
      <sheetpath names="/" tstamps="/"/>
      <tstamp>5FBA3FBB</tstamp>
    </comp>
    <comp ref="R1">
      <value>330</value>
      <footprint>Resistor_SMD:R_1206_3216Metric</footprint>
      <datasheet>~</datasheet>
      <libsource lib="K7TFC_Passives" part="R_US" description="Resistor, US symbol"/>
      <sheetpath names="/" tstamps="/"/>
      <tstamp>5FBA4558</tstamp>
    </comp>
    <comp ref="R5">
      <value>180</value>
      <footprint>Resistor_SMD:R_1206_3216Metric</footprint>
      <datasheet>~</datasheet>
      <libsource lib="K7TFC_Passives" part="R_US" description="Resistor, US symbol"/>
      <sheetpath names="/" tstamps="/"/>
      <tstamp>5FBA4882</tstamp>
    </comp>
    <comp ref="Rd1">
      <value>15</value>
      <footprint>Resistor_SMD:R_1206_3216Metric</footprint>
      <datasheet>~</datasheet>
      <libsource lib="K7TFC_Passives" part="R_US" description="Resistor, US symbol"/>
      <sheetpath names="/" tstamps="/"/>
      <tstamp>5FBA4C11</tstamp>
    </comp>
    <comp ref="R3">
      <value>10K</value>
      <footprint>Resistor_SMD:R_1206_3216Metric</footprint>
      <datasheet>~</datasheet>
      <libsource lib="K7TFC_Passives" part="R_US" description="Resistor, US symbol"/>
      <sheetpath names="/" tstamps="/"/>
      <tstamp>5FBA514E</tstamp>
    </comp>
    <comp ref="R4">
      <value>2.2K</value>
      <footprint>Resistor_SMD:R_1206_3216Metric</footprint>
      <datasheet>~</datasheet>
      <libsource lib="K7TFC_Passives" part="R_US" description="Resistor, US symbol"/>
      <sheetpath names="/" tstamps="/"/>
      <tstamp>5FBA5868</tstamp>
    </comp>
    <comp ref="Rf1">
      <value>680</value>
      <footprint>Resistor_SMD:R_1206_3216Metric</footprint>
      <datasheet>~</datasheet>
      <libsource lib="K7TFC_Passives" part="R_US" description="Resistor, US symbol"/>
      <sheetpath names="/" tstamps="/"/>
      <tstamp>5FBA60FA</tstamp>
    </comp>
    <comp ref="R6">
      <value>2.2K</value>
      <footprint>Resistor_SMD:R_1206_3216Metric</footprint>
      <datasheet>~</datasheet>
      <libsource lib="K7TFC_Passives" part="R_US" description="Resistor, US symbol"/>
      <sheetpath names="/" tstamps="/"/>
      <tstamp>5FBA6544</tstamp>
    </comp>
    <comp ref="R7">
      <value>470</value>
      <footprint>Resistor_SMD:R_1206_3216Metric</footprint>
      <datasheet>~</datasheet>
      <libsource lib="K7TFC_Passives" part="R_US" description="Resistor, US symbol"/>
      <sheetpath names="/" tstamps="/"/>
      <tstamp>5FBA6B58</tstamp>
    </comp>
    <comp ref="R2">
      <value>47</value>
      <footprint>Resistor_SMD:R_1206_3216Metric</footprint>
      <datasheet>~</datasheet>
      <libsource lib="K7TFC_Passives" part="R_US" description="Resistor, US symbol"/>
      <sheetpath names="/" tstamps="/"/>
      <tstamp>5FBA7073</tstamp>
    </comp>
    <comp ref="R8">
      <value>10</value>
      <footprint>Resistor_SMD:R_1206_3216Metric</footprint>
      <datasheet>~</datasheet>
      <libsource lib="K7TFC_Passives" part="R_US" description="Resistor, US symbol"/>
      <sheetpath names="/" tstamps="/"/>
      <tstamp>5FBA74AE</tstamp>
    </comp>
    <comp ref="C5">
      <value>0.10</value>
      <footprint>Capacitor_SMD:C_1206_3216Metric</footprint>
      <datasheet>~</datasheet>
      <libsource lib="Device" part="C" description="Unpolarized capacitor"/>
      <sheetpath names="/" tstamps="/"/>
      <tstamp>5FBAFA55</tstamp>
    </comp>
    <comp ref="C3">
      <value>0.10</value>
      <footprint>Capacitor_SMD:C_1206_3216Metric</footprint>
      <datasheet>~</datasheet>
      <libsource lib="Device" part="C" description="Unpolarized capacitor"/>
      <sheetpath names="/" tstamps="/"/>
      <tstamp>5FBAFF49</tstamp>
    </comp>
    <comp ref="C4">
      <value>0.10</value>
      <footprint>Capacitor_SMD:C_1206_3216Metric</footprint>
      <datasheet>~</datasheet>
      <libsource lib="Device" part="C" description="Unpolarized capacitor"/>
      <sheetpath names="/" tstamps="/"/>
      <tstamp>5FBB152C</tstamp>
    </comp>
    <comp ref="C1">
      <value>0.10</value>
      <footprint>Capacitor_SMD:C_1206_3216Metric</footprint>
      <datasheet>~</datasheet>
      <libsource lib="Device" part="C" description="Unpolarized capacitor"/>
      <sheetpath names="/" tstamps="/"/>
      <tstamp>5FBB283A</tstamp>
    </comp>
    <comp ref="C2">
      <value>0.10</value>
      <footprint>Capacitor_SMD:C_1206_3216Metric</footprint>
      <datasheet>~</datasheet>
      <libsource lib="Device" part="C" description="Unpolarized capacitor"/>
      <sheetpath names="/" tstamps="/"/>
      <tstamp>5FBC258B</tstamp>
    </comp>
    <comp ref="J3">
      <value>Conn_01x02_Male</value>
      <footprint>Connector_PinHeader_2.54mm:PinHeader_1x02_P2.54mm_Vertical_SMD_Pin1Left</footprint>
      <datasheet>~</datasheet>
      <libsource lib="Connector" part="Conn_01x02_Male" description="Generic connector, single row, 01x02, script generated (kicad-library-utils/schlib/autogen/connector/)"/>
      <sheetpath names="/" tstamps="/"/>
      <tstamp>5FC253F7</tstamp>
    </comp>
    <comp ref="J2">
      <value>Conn_01x02_Male</value>
      <footprint>Connector_PinHeader_2.54mm:PinHeader_1x02_P2.54mm_Vertical_SMD_Pin1Left</footprint>
      <datasheet>~</datasheet>
      <libsource lib="Connector" part="Conn_01x02_Male" description="Generic connector, single row, 01x02, script generated (kicad-library-utils/schlib/autogen/connector/)"/>
      <sheetpath names="/" tstamps="/"/>
      <tstamp>5FC9246F</tstamp>
    </comp>
    <comp ref="J1">
      <value>Conn_01x02_Male</value>
      <footprint>Connector_PinHeader_2.54mm:PinHeader_1x02_P2.54mm_Vertical_SMD_Pin1Left</footprint>
      <datasheet>~</datasheet>
      <libsource lib="Connector" part="Conn_01x02_Male" description="Generic connector, single row, 01x02, script generated (kicad-library-utils/schlib/autogen/connector/)"/>
      <sheetpath names="/" tstamps="/"/>
      <tstamp>5FC92B4A</tstamp>
    </comp>
    <comp ref="Q4">
      <value>2N3904</value>
      <footprint>Package_TO_SOT_SMD:SOT-23</footprint>
      <datasheet>https://www.fairchildsemi.com/datasheets/2N/2N3904.pdf</datasheet>
      <libsource lib="Transistor_BJT" part="2N3904" description="0.2A Ic, 40V Vce, Small Signal NPN Transistor, TO-92"/>
      <sheetpath names="/" tstamps="/"/>
      <tstamp>614C406D</tstamp>
    </comp>
    <comp ref="Q5">
      <value>J310</value>
      <footprint>Package_TO_SOT_SMD:SOT-23</footprint>
      <datasheet>~</datasheet>
      <libsource lib="K7TFC_Transistors" part="J310" description="N-Channel JFET transistor"/>
      <sheetpath names="/" tstamps="/"/>
      <tstamp>614C552C</tstamp>
    </comp>
    <comp ref="C6">
      <value>0.10</value>
      <footprint>Capacitor_SMD:C_1206_3216Metric</footprint>
      <datasheet>~</datasheet>
      <libsource lib="Device" part="C" description="Unpolarized capacitor"/>
      <sheetpath names="/" tstamps="/"/>
      <tstamp>614E263C</tstamp>
    </comp>
    <comp ref="C8">
      <value>0.10</value>
      <footprint>Capacitor_SMD:C_1206_3216Metric</footprint>
      <datasheet>~</datasheet>
      <libsource lib="Device" part="C" description="Unpolarized capacitor"/>
      <sheetpath names="/" tstamps="/"/>
      <tstamp>614F36AD</tstamp>
    </comp>
    <comp ref="R9">
      <value>1K</value>
      <footprint>Resistor_SMD:R_1206_3216Metric</footprint>
      <datasheet>~</datasheet>
      <libsource lib="K7TFC_Passives" part="R_US" description="Resistor, US symbol"/>
      <sheetpath names="/" tstamps="/"/>
      <tstamp>61505B75</tstamp>
    </comp>
    <comp ref="R12">
      <value>2.2K</value>
      <footprint>Resistor_SMD:R_1206_3216Metric</footprint>
      <datasheet>~</datasheet>
      <libsource lib="K7TFC_Passives" part="R_US" description="Resistor, US symbol"/>
      <sheetpath names="/" tstamps="/"/>
      <tstamp>6155FEAC</tstamp>
    </comp>
    <comp ref="C7">
      <value>0.10</value>
      <footprint>Capacitor_SMD:C_1206_3216Metric</footprint>
      <datasheet>~</datasheet>
      <libsource lib="Device" part="C" description="Unpolarized capacitor"/>
      <sheetpath names="/" tstamps="/"/>
      <tstamp>61560ADB</tstamp>
    </comp>
    <comp ref="L1">
      <value>L</value>
      <footprint>Inductor_SMD:L_1210_3225Metric_Pad1.42x2.65mm_HandSolder</footprint>
      <datasheet>~</datasheet>
      <libsource lib="Device" part="L" description="Inductor"/>
      <sheetpath names="/" tstamps="/"/>
      <tstamp>61578691</tstamp>
    </comp>
    <comp ref="C9">
      <value>0.10</value>
      <footprint>Capacitor_SMD:C_1206_3216Metric</footprint>
      <datasheet>~</datasheet>
      <libsource lib="Device" part="C" description="Unpolarized capacitor"/>
      <sheetpath names="/" tstamps="/"/>
      <tstamp>615BCFFE</tstamp>
    </comp>
    <comp ref="R14">
      <value>3.0K</value>
      <footprint>Resistor_SMD:R_1206_3216Metric</footprint>
      <datasheet>~</datasheet>
      <libsource lib="K7TFC_Passives" part="R_US" description="Resistor, US symbol"/>
      <sheetpath names="/" tstamps="/"/>
      <tstamp>615F82FE</tstamp>
    </comp>
    <comp ref="R15">
      <value>10K</value>
      <footprint>Resistor_SMD:R_1206_3216Metric</footprint>
      <datasheet>~</datasheet>
      <libsource lib="K7TFC_Passives" part="R_US" description="Resistor, US symbol"/>
      <sheetpath names="/" tstamps="/"/>
      <tstamp>615F8E3B</tstamp>
    </comp>
    <comp ref="C11">
      <value>0.10</value>
      <footprint>Capacitor_SMD:C_1206_3216Metric</footprint>
      <datasheet>~</datasheet>
      <libsource lib="Device" part="C" description="Unpolarized capacitor"/>
      <sheetpath names="/" tstamps="/"/>
      <tstamp>61601315</tstamp>
    </comp>
    <comp ref="R11">
      <value>47</value>
      <footprint>Resistor_SMD:R_1206_3216Metric</footprint>
      <datasheet>~</datasheet>
      <libsource lib="K7TFC_Passives" part="R_US" description="Resistor, US symbol"/>
      <sheetpath names="/" tstamps="/"/>
      <tstamp>6160337A</tstamp>
    </comp>
    <comp ref="R10">
      <value>2.2K</value>
      <footprint>Resistor_SMD:R_1206_3216Metric</footprint>
      <datasheet>~</datasheet>
      <libsource lib="K7TFC_Passives" part="R_US" description="Resistor, US symbol"/>
      <sheetpath names="/" tstamps="/"/>
      <tstamp>61671E1F</tstamp>
    </comp>
    <comp ref="R13">
      <value>180</value>
      <footprint>Resistor_SMD:R_1206_3216Metric</footprint>
      <datasheet>~</datasheet>
      <libsource lib="K7TFC_Passives" part="R_US" description="Resistor, US symbol"/>
      <sheetpath names="/" tstamps="/"/>
      <tstamp>616768EE</tstamp>
    </comp>
    <comp ref="C10">
      <value>0.10</value>
      <footprint>Capacitor_SMD:C_1206_3216Metric</footprint>
      <datasheet>~</datasheet>
      <libsource lib="Device" part="C" description="Unpolarized capacitor"/>
      <sheetpath names="/" tstamps="/"/>
      <tstamp>616777A1</tstamp>
    </comp>
    <comp ref="D1">
      <value>D</value>
      <footprint>Diode_SMD:D_SOD-123</footprint>
      <datasheet>~</datasheet>
      <libsource lib="K7TFC_Diodes" part="D" description="Diode"/>
      <sheetpath names="/" tstamps="/"/>
      <tstamp>6169D336</tstamp>
    </comp>
    <comp ref="D2">
      <value>D</value>
      <footprint>Diode_SMD:D_SOD-123</footprint>
      <datasheet>~</datasheet>
      <libsource lib="K7TFC_Diodes" part="D" description="Diode"/>
      <sheetpath names="/" tstamps="/"/>
      <tstamp>616A30BE</tstamp>
    </comp>
    <comp ref="D3">
      <value>D</value>
      <footprint>Diode_SMD:D_SOD-123</footprint>
      <datasheet>~</datasheet>
      <libsource lib="K7TFC_Diodes" part="D" description="Diode"/>
      <sheetpath names="/" tstamps="/"/>
      <tstamp>616A3A2F</tstamp>
    </comp>
    <comp ref="J4">
      <value>Conn_01x02_Male</value>
      <footprint>Connector_PinHeader_2.54mm:PinHeader_1x02_P2.54mm_Vertical_SMD_Pin1Left</footprint>
      <datasheet>~</datasheet>
      <libsource lib="Connector" part="Conn_01x02_Male" description="Generic connector, single row, 01x02, script generated (kicad-library-utils/schlib/autogen/connector/)"/>
      <sheetpath names="/" tstamps="/"/>
      <tstamp>616B7026</tstamp>
    </comp>
    <comp ref="R16">
      <value>10</value>
      <footprint>Resistor_SMD:R_1206_3216Metric</footprint>
      <datasheet>~</datasheet>
      <libsource lib="K7TFC_Passives" part="R_US" description="Resistor, US symbol"/>
      <sheetpath names="/" tstamps="/"/>
      <tstamp>618895D9</tstamp>
    </comp>
    <comp ref="H2">
      <value>Mounting_Hole_4-40</value>
      <footprint>MountingHole:MountingHole_3.2mm_M3_Pad</footprint>
      <libsource lib="K7TFC_Hardware" part="Mounting_Hole_4-40" description="3.2mm hole with annular pad"/>
      <sheetpath names="/" tstamps="/"/>
      <tstamp>618B4738</tstamp>
    </comp>
    <comp ref="H1">
      <value>Mounting_Hole_4-40</value>
      <footprint>MountingHole:MountingHole_3.2mm_M3_Pad</footprint>
      <libsource lib="K7TFC_Hardware" part="Mounting_Hole_4-40" description="3.2mm hole with annular pad"/>
      <sheetpath names="/" tstamps="/"/>
      <tstamp>618BAFFE</tstamp>
    </comp>
  </components>
  <libparts>
    <libpart lib="Connector" part="Conn_01x02_Male">
      <description>Generic connector, single row, 01x02, script generated (kicad-library-utils/schlib/autogen/connector/)</description>
      <docs>~</docs>
      <footprints>
        <fp>Connector*:*_1x??_*</fp>
      </footprints>
      <fields>
        <field name="Reference">J</field>
        <field name="Value">Conn_01x02_Male</field>
      </fields>
      <pins>
        <pin num="1" name="Pin_1" type="passive"/>
        <pin num="2" name="Pin_2" type="passive"/>
      </pins>
    </libpart>
    <libpart lib="Device" part="C">
      <description>Unpolarized capacitor</description>
      <docs>~</docs>
      <footprints>
        <fp>C_*</fp>
      </footprints>
      <fields>
        <field name="Reference">C</field>
        <field name="Value">C</field>
      </fields>
      <pins>
        <pin num="1" name="~" type="passive"/>
        <pin num="2" name="~" type="passive"/>
      </pins>
    </libpart>
    <libpart lib="Device" part="L">
      <description>Inductor</description>
      <docs>~</docs>
      <footprints>
        <fp>Choke_*</fp>
        <fp>*Coil*</fp>
        <fp>Inductor_*</fp>
        <fp>L_*</fp>
      </footprints>
      <fields>
        <field name="Reference">L</field>
        <field name="Value">L</field>
      </fields>
      <pins>
        <pin num="1" name="1" type="passive"/>
        <pin num="2" name="2" type="passive"/>
      </pins>
    </libpart>
    <libpart lib="K7TFC_Diodes" part="D">
      <description>Diode</description>
      <docs>~</docs>
      <footprints>
        <fp>TO-???*</fp>
        <fp>*_Diode_*</fp>
        <fp>*SingleDiode*</fp>
        <fp>D_*</fp>
      </footprints>
      <fields>
        <field name="Reference">D</field>
        <field name="Value">D</field>
      </fields>
      <pins>
        <pin num="1" name="K" type="passive"/>
        <pin num="2" name="A" type="passive"/>
      </pins>
    </libpart>
    <libpart lib="K7TFC_Hardware" part="Mounting_Hole_4-40">
      <description>3.2mm hole with annular pad</description>
      <fields>
        <field name="Reference">H</field>
        <field name="Value">Mounting_Hole_4-40</field>
        <field name="Footprint">MountingHole:MountingHole_3.2mm_M3_Pad</field>
      </fields>
    </libpart>
    <libpart lib="K7TFC_Passives" part="R_US">
      <description>Resistor, US symbol</description>
      <docs>~</docs>
      <footprints>
        <fp>R_*</fp>
      </footprints>
      <fields>
        <field name="Reference">R</field>
        <field name="Value">R_US</field>
      </fields>
      <pins>
        <pin num="1" name="~" type="passive"/>
        <pin num="2" name="~" type="passive"/>
      </pins>
    </libpart>
    <libpart lib="K7TFC_Transistors" part="J310">
      <description>N-Channel JFET transistor</description>
      <docs>~</docs>
      <fields>
        <field name="Reference">Q</field>
        <field name="Value">J310</field>
        <field name="Footprint">K7TFC_Transistors:TO-92L_Pin2_Offset</field>
      </fields>
      <pins>
        <pin num="1" name="D" type="passive"/>
        <pin num="2" name="S" type="passive"/>
        <pin num="3" name="G" type="input"/>
      </pins>
    </libpart>
    <libpart lib="Transistor_BJT" part="2N3904">
      <description>0.2A Ic, 40V Vce, Small Signal NPN Transistor, TO-92</description>
      <docs>https://www.fairchildsemi.com/datasheets/2N/2N3904.pdf</docs>
      <footprints>
        <fp>TO?92*</fp>
      </footprints>
      <fields>
        <field name="Reference">Q</field>
        <field name="Value">2N3904</field>
        <field name="Footprint">Package_TO_SOT_THT:TO-92_Inline</field>
      </fields>
      <pins>
        <pin num="1" name="E" type="passive"/>
        <pin num="2" name="B" type="passive"/>
        <pin num="3" name="C" type="passive"/>
      </pins>
    </libpart>
  </libparts>
  <libraries>
    <library logical="Connector">
      <uri>/mnt/nfs_client/.kicad/global_libs/symbols/Connector.lib</uri>
    </library>
    <library logical="Device">
      <uri>/mnt/nfs_client/.kicad/global_libs/symbols/Device.lib</uri>
    </library>
    <library logical="K7TFC_Diodes">
      <uri>/mnt/nfs_client/.kicad/global_libs/symbols/K7TFC_Diodes.lib</uri>
    </library>
    <library logical="K7TFC_Hardware">
      <uri>/mnt/nfs_client/.kicad/global_libs/symbols/K7TFC_Hardware.lib</uri>
    </library>
    <library logical="K7TFC_Passives">
      <uri>/mnt/nfs_client/.kicad/global_libs/symbols/K7TFC_Passives.lib</uri>
    </library>
    <library logical="K7TFC_Transistors">
      <uri>/mnt/nfs_client/.kicad/global_libs/symbols/K7TFC_Transistors.lib</uri>
    </library>
    <library logical="Transistor_BJT">
      <uri>/mnt/nfs_client/.kicad/global_libs/symbols/Transistor_BJT.lib</uri>
    </library>
  </libraries>
  <nets>
    <net code="1" name="Net-(C8-Pad2)">
      <node ref="Q4" pin="2"/>
      <node ref="R9" pin="1"/>
      <node ref="C8" pin="2"/>
    </net>
    <net code="2" name="Net-(Q4-Pad1)">
      <node ref="Q5" pin="1"/>
      <node ref="Q4" pin="1"/>
    </net>
    <net code="3" name="Net-(C9-Pad1)">
      <node ref="R15" pin="1"/>
      <node ref="Q2" pin="2"/>
      <node ref="C9" pin="1"/>
      <node ref="R14" pin="2"/>
    </net>
    <net code="4" name="Net-(C11-Pad2)">
      <node ref="Q3" pin="3"/>
      <node ref="Q2" pin="3"/>
      <node ref="C11" pin="2"/>
      <node ref="R14" pin="1"/>
      <node ref="R8" pin="2"/>
    </net>
    <net code="5" name="+12V">
      <node ref="R16" pin="1"/>
      <node ref="J3" pin="1"/>
      <node ref="R8" pin="1"/>
      <node ref="R11" pin="1"/>
    </net>
    <net code="6" name="Net-(C7-Pad2)">
      <node ref="C7" pin="2"/>
      <node ref="R11" pin="2"/>
      <node ref="R12" pin="1"/>
      <node ref="L1" pin="1"/>
    </net>
    <net code="7" name="Net-(C9-Pad2)">
      <node ref="Q4" pin="3"/>
      <node ref="C9" pin="2"/>
      <node ref="L1" pin="2"/>
      <node ref="R12" pin="2"/>
    </net>
    <net code="8" name="Net-(C10-Pad1)">
      <node ref="C10" pin="1"/>
      <node ref="R13" pin="1"/>
      <node ref="Q5" pin="2"/>
    </net>
    <net code="9" name="Net-(D1-Pad1)">
      <node ref="D1" pin="1"/>
      <node ref="D2" pin="2"/>
    </net>
    <net code="10" name="Net-(D1-Pad2)">
      <node ref="D1" pin="2"/>
      <node ref="R13" pin="2"/>
    </net>
    <net code="11" name="Net-(D2-Pad1)">
      <node ref="D3" pin="2"/>
      <node ref="D2" pin="1"/>
    </net>
    <net code="12" name="Net-(J4-Pad1)">
      <node ref="J4" pin="1"/>
      <node ref="R9" pin="2"/>
    </net>
    <net code="13" name="GND">
      <node ref="J2" pin="2"/>
      <node ref="J1" pin="2"/>
      <node ref="C11" pin="1"/>
      <node ref="R5" pin="2"/>
      <node ref="Rd1" pin="2"/>
      <node ref="R4" pin="2"/>
      <node ref="R6" pin="2"/>
      <node ref="R7" pin="2"/>
      <node ref="R15" pin="2"/>
      <node ref="D3" pin="1"/>
      <node ref="J4" pin="2"/>
      <node ref="R10" pin="2"/>
      <node ref="C3" pin="1"/>
      <node ref="J3" pin="2"/>
      <node ref="C10" pin="2"/>
      <node ref="C8" pin="1"/>
      <node ref="C7" pin="1"/>
    </net>
    <net code="14" name="Net-(C6-Pad1)">
      <node ref="C6" pin="1"/>
      <node ref="R10" pin="1"/>
      <node ref="Q5" pin="3"/>
    </net>
    <net code="15" name="Net-(C6-Pad2)">
      <node ref="R1" pin="2"/>
      <node ref="Q1" pin="3"/>
      <node ref="Rf1" pin="1"/>
      <node ref="C6" pin="2"/>
    </net>
    <net code="16" name="Net-(C3-Pad2)">
      <node ref="R16" pin="2"/>
      <node ref="C3" pin="2"/>
      <node ref="R1" pin="1"/>
      <node ref="R3" pin="1"/>
    </net>
    <net code="17" name="Net-(C4-Pad1)">
      <node ref="Rd1" pin="1"/>
      <node ref="C4" pin="1"/>
    </net>
    <net code="18" name="Net-(Q3-Pad1)">
      <node ref="Q3" pin="1"/>
      <node ref="R7" pin="1"/>
      <node ref="R2" pin="2"/>
    </net>
    <net code="19" name="Net-(C1-Pad1)">
      <node ref="R4" pin="1"/>
      <node ref="R3" pin="2"/>
      <node ref="C2" pin="1"/>
      <node ref="Q1" pin="2"/>
      <node ref="C1" pin="1"/>
    </net>
    <net code="20" name="Net-(C2-Pad2)">
      <node ref="C2" pin="2"/>
      <node ref="Rf1" pin="2"/>
    </net>
    <net code="21" name="Net-(Q2-Pad1)">
      <node ref="Q3" pin="2"/>
      <node ref="Q2" pin="1"/>
      <node ref="R6" pin="1"/>
    </net>
    <net code="22" name="Net-(C5-Pad2)">
      <node ref="C5" pin="2"/>
      <node ref="R2" pin="1"/>
    </net>
    <net code="23" name="Net-(C5-Pad1)">
      <node ref="J2" pin="1"/>
      <node ref="C5" pin="1"/>
    </net>
    <net code="24" name="Net-(C1-Pad2)">
      <node ref="C1" pin="2"/>
      <node ref="J1" pin="1"/>
    </net>
    <net code="25" name="Net-(C4-Pad2)">
      <node ref="Q1" pin="1"/>
      <node ref="C4" pin="2"/>
      <node ref="R5" pin="1"/>
    </net>
  </nets>
</export>
